{
	"format_version": "1.8.0",
	"animations": {
		"idle": {
			"loop": true,
			"animation_length": 1.92,
			"bones": {
				"bone": {
					"rotation": {
						"0.0": {
							"post": [0, 0, 0],
							"lerp_mode": "catmullrom"
						},
						"1.0": {
							"post": [-5, 0, 0],
							"lerp_mode": "catmullrom"
						},
						"1.12": {
							"post": [-4.23, 0, 0],
							"lerp_mode": "catmullrom"
						},
						"1.92": {
							"post": [0, 0, 0],
							"lerp_mode": "catmullrom"
						}
					},
					"position": {
						"0.0": {
							"post": [0, 0, 0],
							"lerp_mode": "catmullrom"
						},
						"1.0": {
							"post": [0, 0.5, 0.25],
							"lerp_mode": "catmullrom"
						},
						"1.12": {
							"post": [0, 0.42, 0.21],
							"lerp_mode": "catmullrom"
						},
						"1.92": {
							"post": [0, 0, 0],
							"lerp_mode": "catmullrom"
						}
					}
				},
				"bone2": {
					"rotation": {
						"0.0": {
							"post": [0, 0, 0],
							"lerp_mode": "catmullrom"
						},
						"1.0": {
							"post": [0, -4.81, -7.69],
							"lerp_mode": "catmullrom"
						},
						"1.92": {
							"post": [0, 0, 0],
							"lerp_mode": "catmullrom"
						}
					},
					"position": {
						"0.0": {
							"post": [0, 0, 0],
							"lerp_mode": "catmullrom"
						},
						"1.0": {
							"post": [0, -0.48, 0],
							"lerp_mode": "catmullrom"
						},
						"1.92": {
							"post": [0, 0, 0],
							"lerp_mode": "catmullrom"
						}
					}
				},
				"bone3": {
					"rotation": {
						"0.0": {
							"post": [0, 0, 0],
							"lerp_mode": "catmullrom"
						},
						"1.0": {
							"post": [0, 7.99, 4.79],
							"lerp_mode": "catmullrom"
						},
						"1.92": {
							"post": [0, 0, 0],
							"lerp_mode": "catmullrom"
						}
					},
					"position": {
						"0.0": {
							"post": [0, 0, 0],
							"lerp_mode": "catmullrom"
						},
						"1.0": {
							"post": [0, 0.32, 0],
							"lerp_mode": "catmullrom"
						},
						"1.92": {
							"post": [0, 0, 0],
							"lerp_mode": "catmullrom"
						}
					}
				},
				"bone4": {
					"rotation": {
						"0.0": {
							"post": [0, 0, 0],
							"lerp_mode": "catmullrom"
						},
						"1.0": {
							"post": [5, 0, 0],
							"lerp_mode": "catmullrom"
						},
						"1.92": {
							"post": [0, 0, 0],
							"lerp_mode": "catmullrom"
						}
					},
					"position": {
						"0.0": {
							"post": [0, 0, 0],
							"lerp_mode": "catmullrom"
						},
						"1.0": {
							"post": [0, -0.75, 0.25],
							"lerp_mode": "catmullrom"
						},
						"1.92": {
							"post": [0, 0, 0],
							"lerp_mode": "catmullrom"
						}
					}
				}
			}
		},
		"walk": {
			"loop": true,
			"animation_length": 0.48,
			"bones": {
				"bone": {
					"rotation": {
						"0.0": {
							"post": [0, 0, 0],
							"lerp_mode": "catmullrom"
						},
						"0.12": {
							"post": [-2.5, -5, 0],
							"lerp_mode": "catmullrom"
						},
						"0.24": {
							"post": [0, 0, 0],
							"lerp_mode": "catmullrom"
						},
						"0.36": {
							"post": [-2.5, 5, 0],
							"lerp_mode": "catmullrom"
						},
						"0.48": {
							"post": [0, 0, 0],
							"lerp_mode": "catmullrom"
						}
					},
					"position": {
						"0.0": {
							"post": [0, 0, 0],
							"lerp_mode": "catmullrom"
						},
						"0.12": {
							"post": [0, 0.5, 0],
							"lerp_mode": "catmullrom"
						},
						"0.24": {
							"post": [0, 0, 0],
							"lerp_mode": "catmullrom"
						},
						"0.36": {
							"post": [0, 0.5, 0],
							"lerp_mode": "catmullrom"
						},
						"0.48": {
							"post": [0, 0, 0],
							"lerp_mode": "catmullrom"
						}
					}
				},
				"bone2": {
					"rotation": {
						"0.0": {
							"post": [0, 0, 0],
							"lerp_mode": "catmullrom"
						},
						"0.24": {
							"post": [0, 0, 0],
							"lerp_mode": "catmullrom"
						},
						"0.48": {
							"post": [0, 0, 0],
							"lerp_mode": "catmullrom"
						}
					}
				},
				"bone3": {
					"position": {
						"0.0": {
							"post": [0, 0, 0],
							"lerp_mode": "catmullrom"
						},
						"0.12": {
							"post": [0, -0.25, 0.25],
							"lerp_mode": "catmullrom"
						},
						"0.24": {
							"post": [0, 0, 0],
							"lerp_mode": "catmullrom"
						},
						"0.36": {
							"post": [0, -0.25, 0.25],
							"lerp_mode": "catmullrom"
						},
						"0.48": {
							"post": [0, 0, 0],
							"lerp_mode": "catmullrom"
						}
					}
				},
				"bone4": {
					"rotation": {
						"0.0": {
							"post": [-10, 0, 0],
							"lerp_mode": "catmullrom"
						},
						"0.12": {
							"post": [10, 0, 0],
							"lerp_mode": "catmullrom"
						},
						"0.24": {
							"post": [-10, 0, 0],
							"lerp_mode": "catmullrom"
						},
						"0.36": {
							"post": [10, 0, 0],
							"lerp_mode": "catmullrom"
						},
						"0.48": {
							"post": [-10, 0, 0],
							"lerp_mode": "catmullrom"
						}
					}
				}
			}
		},
		"death": {
			"animation_length": 0.96,
			"bones": {
				"bone": {
					"rotation": {
						"0.0": {
							"post": [0, 0, 0],
							"lerp_mode": "catmullrom"
						},
						"0.2": {
							"post": [-37.5, 0, 55],
							"lerp_mode": "catmullrom"
						},
						"0.4": {
							"post": [-25, 17.5, 80],
							"lerp_mode": "catmullrom"
						},
						"0.48": {
							"post": [-27.5, 14, 75],
							"lerp_mode": "catmullrom"
						},
						"0.56": {
							"post": [-25.83, 16.33, 78.33],
							"lerp_mode": "catmullrom"
						},
						"0.96": {
							"post": [-25, 17.5, 80],
							"lerp_mode": "catmullrom"
						}
					},
					"position": {
						"0.0": {
							"post": [0, 0, 0],
							"lerp_mode": "catmullrom"
						},
						"0.2": {
							"post": [2, 10, 0],
							"lerp_mode": "catmullrom"
						},
						"0.4": {
							"post": [4, -3, 0],
							"lerp_mode": "catmullrom"
						},
						"0.48": {
							"post": [3.6, -0.4, 0],
							"lerp_mode": "catmullrom"
						},
						"0.56": {
							"post": [3.87, -2.13, 0],
							"lerp_mode": "catmullrom"
						},
						"0.96": {
							"post": [4, -3, 0],
							"lerp_mode": "catmullrom"
						}
					}
				},
				"bone2": {
					"rotation": {
						"0.0": {
							"post": [0, 0, 0],
							"lerp_mode": "catmullrom"
						},
						"0.2": {
							"post": [-54, 0, 0],
							"lerp_mode": "catmullrom"
						},
						"0.4": {
							"post": [0, 0, 0],
							"lerp_mode": "catmullrom"
						},
						"0.96": {
							"post": [-60.8, 0, 0],
							"lerp_mode": "catmullrom"
						}
					},
					"position": {
						"0.0": {
							"post": [0, 0, 0],
							"lerp_mode": "catmullrom"
						},
						"0.2": {
							"post": [3.6, 3.6, 3.6],
							"lerp_mode": "catmullrom"
						},
						"0.4": {
							"post": [0, 0, 0],
							"lerp_mode": "catmullrom"
						},
						"0.96": {
							"post": [-1.28, 0.72, -1.28],
							"lerp_mode": "catmullrom"
						}
					}
				},
				"bone3": {
					"rotation": {
						"0.0": {
							"post": [0, 0, 0],
							"lerp_mode": "catmullrom"
						},
						"0.2": {
							"post": [-42, 0, 0],
							"lerp_mode": "catmullrom"
						},
						"0.4": {
							"post": [0, 0, 0],
							"lerp_mode": "catmullrom"
						},
						"0.96": {
							"post": [-8.4, 0, 0],
							"lerp_mode": "catmullrom"
						}
					},
					"position": {
						"0.0": {
							"post": [0, 0, 0],
							"lerp_mode": "catmullrom"
						},
						"0.2": {
							"post": [0, 0, 0],
							"lerp_mode": "catmullrom"
						},
						"0.4": {
							"post": [0, 0, 0],
							"lerp_mode": "catmullrom"
						},
						"0.96": {
							"post": [1, -1, 0],
							"lerp_mode": "catmullrom"
						}
					}
				},
				"bone4": {
					"rotation": {
						"0.0": {
							"post": [0, 0, 0],
							"lerp_mode": "catmullrom"
						}
					}
				}
			}
		}
	}
}